method,calib_s_mean,dispatch_s_mean,total_s_mean
StaticCalib-OpenLoop-DetMPC,3.8987226308340743e-07,0.0027085623175183635,0.0032373193126516812
RollingCalib-OpenLoop-ScenarioMPC,3.7483850364949944e-05,0.01979733270985375,0.020480176201337793
RollingCalib-ClosedLoop-ScenarioMPC-Feedback (ours),3.674520985400572e-05,0.019614963397201857,0.0202786079683698
